"gene","coef"
"KCNK15",0.454581970528716
"CXCL3",0.260044245278198
"PIH1D2",-0.714953358824326
"DTX1",-0.5238941876382
"LIF",0.294967448254095
"TCN2",-0.442659414977689
"SERPINF2",-0.260024175413594
"GCNT2",-0.286014271224893
